<?xml version="1.0" encoding="UTF-8"?>
<!DOCTYPE hibernate-configuration PUBLIC
		"-//Hibernate/Hibernate Configuration DTD 3.0//EN"
		"http://hibernate.sourceforge.net/hibernate-configuration-3.0.dtd">
<hibernate-configuration>
	<session-factory>
		<property name="connection.driver_class">com.mysql.jdbc.Driver</property>
		<property name="connection.url">jdbc:mysql://localhost:3306/demo2</property>
		<property name="connection.username">root</property>
		<property name="connection.password">admin</property>
		<property name="hibernate.dialect">org.hibernate.dialect.MySQL5Dialect</property>
		<property name="show_sql">true</property>
		<property name="hbm2ddl.auto">update</property>

		<mapping resource="com/demo/hibernate/Emp.hbm.xml" />
	</session-factory>
</hibernate-configuration>
