<?xml version="1.0" encoding="UTF-8"?>
<beans xmlns="http://www.springframework.org/schema/beans"
	xmlns:xsi="http://www.w3.org/2001/XMLSchema-instance"
	xmlns:context="http://www.springframework.org/schema/context"
	xmlns:p="http://www.springframework.org/schema/p"
	xmlns:util="http://www.springframework.org/schema/util"
	xsi:schemaLocation="http://www.springframework.org/schema/beans http://www.springframework.org/schema/beans/spring-beans.xsd
		http://www.springframework.org/schema/context http://www.springframework.org/schema/context/spring-context.xsd
		http://www.springframework.org/schema/util http://www.springframework.org/schema/util/spring-util-4.3.xsd">
<bean id="message" class="com.demo.spring.Message">
<constructor-arg value="Request for leave" />
<constructor-arg value="I will be on leave tommo"/>
</bean>
<bean id="mail" class="com.demo.spring.Mail">
<property  name="to" value="Manager" />
<property  name="from" value="Ankit" />
<property  name="message" ref="message" />
</bean>
<!--<bean id="mail" class="com.demo.spring.Mail" p:to="all" p:from="trainer" p:message-ref="message">
<property  name="to" value="Manager" />
<property  name="from" value="Ankit" />
<property  name="message" ref="message" />-->
<util:list id="list" list-class="java.util.ArrayList" value-type="java.lang.String">
<value>ankit</value>
<value>ankita</value>
<value>pankit</value>
</util:list>

</beans>
